tree,lambda,alpha,beta,birthrate,treeheight,treelength
7,1.598832,0.01009437,0.1250778,7.46015,0.3290406,3.199375
