tree,lambda,alpha,beta,birthrate,treeheight,treelength
36,0.7779861,0.003037314,0.001950038,8.158025,0.3643189,4.094902
