tree,lambda,alpha,beta,birthrate,treeheight,treelength
41,0.1871622,0.05167278,0.009514696,6.92377,0.3119156,2.82334
