tree,lambda,alpha,beta,birthrate,treeheight,treelength
29,0.3616824,0.01150167,0.02314198,7.236354,0.3032972,3.899797
