tree,lambda,alpha,beta,birthrate,treeheight,treelength
90,0.1957515,0.04597857,0.00121958,7.788382,0.5429464,3.673787
