tree,lambda,alpha,beta,birthrate,treeheight,treelength
55,0.6953418,0.0297698,0.00783236,6.393448,0.4698697,4.993005
