tree,lambda,alpha,beta,birthrate,treeheight,treelength
59,0.1031312,0.0225457,0.01671912,5.812496,0.7022032,6.930716
