tree,lambda,alpha,beta,birthrate,treeheight,treelength
3,1.255431,0.01158822,0.004553616,6.076953,0.6209025,4.34388
