tree,lambda,alpha,beta,birthrate,treeheight,treelength
39,0.4260837,0.02165986,0.02933958,5.40402,0.596239,6.309611
