tree,lambda,alpha,beta,birthrate,treeheight,treelength
49,0.7984818,0.02145514,0.01086051,7.632185,0.2973678,3.353211
