tree,lambda,alpha,beta,birthrate,treeheight,treelength
57,0.4882148,0.004252657,0.02723042,6.679382,0.3577381,3.693815
