tree,lambda,alpha,beta,birthrate,treeheight,treelength
94,0.7321531,0.0008364388,0.02988516,7.595033,0.5078769,3.504418
