tree,lambda,alpha,beta,birthrate,treeheight,treelength
1,0.5272216,0.009362347,0.007679301,7.873713,0.1765181,2.5199
