tree,lambda,alpha,beta,birthrate,treeheight,treelength
53,0.4372033,0.0004705381,0.009001757,5.129856,0.3973594,5.597496
