tree,lambda,alpha,beta,birthrate,treeheight,treelength
42,0.6460875,0.0179207,0.03191286,7.675564,0.4158916,4.034481
