tree,lambda,alpha,beta,birthrate,treeheight,treelength
96,0.7230931,0.001289593,0.001598045,5.762039,0.5987118,5.491147
