tree,lambda,alpha,beta,birthrate,treeheight,treelength
60,0.1310568,0.03340251,0.0007822761,7.60069,0.2970306,3.42452
