tree,lambda,alpha,beta,birthrate,treeheight,treelength
83,1.595396,0.03207406,0.0194614,7.613888,0.4302015,3.938461
