tree,lambda,alpha,beta,birthrate,treeheight,treelength
28,0.6154578,0.07098839,0.010833,6.436931,0.4521684,4.842679
