tree,lambda,alpha,beta,birthrate,treeheight,treelength
30,1.973802,0.003555686,0.01664873,7.621533,0.321186,2.919907
