tree,lambda,alpha,beta,birthrate,treeheight,treelength
54,0.3078653,0.03033558,0.01288491,7.877299,0.2572567,2.646112
