tree,lambda,alpha,beta,birthrate,treeheight,treelength
23,0.1402092,0.01846078,0.0009073136,8.814832,0.2727938,3.433945
