tree,lambda,alpha,beta,birthrate,treeheight,treelength
11,0.2556205,0.0042487,0.004323907,6.824729,0.4389096,5.436585
