tree,lambda,alpha,beta,birthrate,treeheight,treelength
45,0.1549785,0.001219774,0.03802388,6.785438,0.6155497,4.87407
