tree,lambda,alpha,beta,birthrate,treeheight,treelength
91,0.1520611,0.00233021,0.002000752,6.35253,0.2972318,2.883174
