tree,lambda,alpha,beta,birthrate,treeheight,treelength
73,0.5843568,0.004916642,0.0153551,7.349303,0.3356273,4.313481
