tree,lambda,alpha,beta,birthrate,treeheight,treelength
68,0.1416089,0.005851399,0.0198428,5.592575,0.6432955,6.42678
