tree,lambda,alpha,beta,birthrate,treeheight,treelength
75,1.01794,0.00675641,0.08646076,7.875303,0.5179111,4.297196
