tree,lambda,alpha,beta,birthrate,treeheight,treelength
33,0.1084817,0.03958748,0.01377141,6.903871,0.3218002,3.288403
