tree,lambda,alpha,beta,birthrate,treeheight,treelength
92,0.9661628,0.01787643,0.00163092,5.49233,0.4064475,4.333426
