tree,lambda,alpha,beta,birthrate,treeheight,treelength
93,1.947164,0.0244811,0.0104669,8.970654,0.3138954,2.69028
