tree,lambda,alpha,beta,birthrate,treeheight,treelength
15,0.5301787,0.0009412977,0.003490802,7.007055,0.3169378,3.39993
