tree,lambda,alpha,beta,birthrate,treeheight,treelength
6,0.1872722,0.04193803,0.01592289,8.307208,0.4211803,4.079328
