tree,lambda,alpha,beta,birthrate,treeheight,treelength
86,0.8367443,0.009450395,0.03854148,7.495492,0.2920845,3.822159
