tree,lambda,alpha,beta,birthrate,treeheight,treelength
9,0.4942133,0.00276432,0.0007395506,6.782007,0.4394817,3.977609
