tree,lambda,alpha,beta,birthrate,treeheight,treelength
80,0.9504333,0.0008232796,0.00780948,6.292403,0.4271098,4.611406
