tree,lambda,alpha,beta,birthrate,treeheight,treelength
22,0.4288521,0.03824228,0.006978845,6.249658,0.4924265,4.415578
