tree,lambda,alpha,beta,birthrate,treeheight,treelength
5,0.4543176,0.05737332,0.0004244474,7.037021,0.3501175,3.862984
