tree,lambda,alpha,beta,birthrate,treeheight,treelength
17,0.03944434,0.006713924,0.006981874,5.729441,0.5917182,4.76177
