tree,lambda,alpha,beta,birthrate,treeheight,treelength
2,1.063239,0.005407534,0.01607972,6.732329,0.4545707,4.250313
