tree,lambda,alpha,beta,birthrate,treeheight,treelength
16,0.2545031,0.01240381,0.002602747,5.341538,0.5671193,5.952389
