tree,lambda,alpha,beta,birthrate,treeheight,treelength
32,1.451306,0.01835989,0.002392702,6.320934,0.5315878,6.272734
