tree,lambda,alpha,beta,birthrate,treeheight,treelength
89,0.1700054,0.001006732,0.01345143,7.16856,0.5422372,4.562483
