tree,lambda,alpha,beta,birthrate,treeheight,treelength
58,1.0828,0.03030737,0.0003660808,6.297791,0.4767529,4.722943
