tree,lambda,alpha,beta,birthrate,treeheight,treelength
31,0.1207164,0.01938922,0.009186884,6.50728,0.5438725,5.12788
