tree,lambda,alpha,beta,birthrate,treeheight,treelength
67,0.2331529,0.003422651,0.01068325,8.082821,0.4420006,3.1074
