tree,lambda,alpha,beta,birthrate,treeheight,treelength
46,0.3733825,0.00782362,0.01386079,6.116238,0.391437,5.080025
