tree,lambda,alpha,beta,birthrate,treeheight,treelength
71,0.5386964,0.00921934,0.02039726,5.480884,0.4450407,4.562239
