tree,lambda,alpha,beta,birthrate,treeheight,treelength
34,0.4900495,0.02708463,0.00533806,6.682027,0.4784862,4.764558
