tree,lambda,alpha,beta,birthrate,treeheight,treelength
21,0.0458524,0.0001756194,0.07992867,6.970053,0.5327629,4.866561
