tree,lambda,alpha,beta,birthrate,treeheight,treelength
79,0.1945893,0.01196142,0.004447552,6.447166,0.4814537,4.437406
