tree,lambda,alpha,beta,birthrate,treeheight,treelength
61,0.9224678,0.01363864,0.03363097,5.831074,0.4529787,4.790093
