tree,lambda,alpha,beta,birthrate,treeheight,treelength
52,0.4235272,0.0162512,0.001962675,6.656474,0.4466199,4.484478
