tree,lambda,alpha,beta,birthrate,treeheight,treelength
66,0.2520747,0.002191362,0.008113758,7.186065,0.3737322,4.344569
