tree,lambda,alpha,beta,birthrate,treeheight,treelength
38,0.1672396,0.008433766,0.003969173,8.329681,0.334971,4.616426
