tree,lambda,alpha,beta,birthrate,treeheight,treelength
8,0.4311255,0.005856754,0.004029256,6.020167,0.6151369,6.757635
