tree,lambda,alpha,beta,birthrate,treeheight,treelength
26,0.02361924,0.03223814,0.01817163,7.734063,0.313482,3.15638
