tree,lambda,alpha,beta,birthrate,treeheight,treelength
69,0.2654302,0.02751029,0.01025258,5.782279,0.413085,4.440565
