tree,lambda,alpha,beta,birthrate,treeheight,treelength
14,0.3112634,0.008759054,0.01619248,6.909731,0.4423377,4.254794
