tree,lambda,alpha,beta,birthrate,treeheight,treelength
77,4.77811,0.06541461,0.001143613,6.517197,0.2850921,2.960918
