tree,lambda,alpha,beta,birthrate,treeheight,treelength
12,0.4062107,0.01857053,0.02325543,7.599063,0.3130112,4.385093
