tree,lambda,alpha,beta,birthrate,treeheight,treelength
85,0.1170272,0.007967958,0.03563891,7.535612,0.439583,3.706597
