tree,lambda,alpha,beta,birthrate,treeheight,treelength
43,0.2456986,0.01552318,0.00691333,6.572002,0.443588,4.609087
