tree,lambda,alpha,beta,birthrate,treeheight,treelength
84,0.3489753,0.003400995,0.002977998,8.851864,0.5519692,3.533634
