tree,lambda,alpha,beta,birthrate,treeheight,treelength
35,0.1525559,0.06921492,0.0004622022,6.766519,0.4389411,4.420629
