tree,lambda,alpha,beta,birthrate,treeheight,treelength
70,6.01847,0.004126911,0.02813164,8.116829,0.3016218,3.143357
