tree,lambda,alpha,beta,birthrate,treeheight,treelength
72,0.3267745,0.008717323,0.04479775,7.048494,0.4140174,4.406207
