tree,lambda,alpha,beta,birthrate,treeheight,treelength
99,0.1557265,0.006394788,0.0284975,6.010633,0.4585897,5.183519
