tree,lambda,alpha,beta,birthrate,treeheight,treelength
62,0.09401614,0.01304903,0.0105325,7.030394,0.3524203,3.371559
