tree,lambda,alpha,beta,birthrate,treeheight,treelength
19,0.5401881,0.002386116,0.006557398,5.298374,0.5120456,5.545321
