tree,lambda,alpha,beta,birthrate,treeheight,treelength
48,2.859804,0.03457434,0.04139611,7.118804,0.3584042,3.908951
