tree,lambda,alpha,beta,birthrate,treeheight,treelength
81,0.483084,0.01382855,0.01680112,7.081871,0.398791,4.036891
