tree,lambda,alpha,beta,birthrate,treeheight,treelength
76,0.3668667,0.0153879,0.006333054,7.646444,0.3279224,2.508091
