tree,lambda,alpha,beta,birthrate,treeheight,treelength
25,0.8177788,0.00651581,0.002809831,6.860354,0.4069374,4.208091
