tree,lambda,alpha,beta,birthrate,treeheight,treelength
98,0.3013616,0.02646465,0.0612249,7.658953,0.4064353,4.043079
