tree,lambda,alpha,beta,birthrate,treeheight,treelength
37,0.4489094,0.02125538,0.009984821,7.66992,0.3891341,4.762029
