tree,lambda,alpha,beta,birthrate,treeheight,treelength
47,0.6882769,0.0119135,0.0484659,5.924084,0.5929283,5.611017
