tree,lambda,alpha,beta,birthrate,treeheight,treelength
40,1.427832,0.008364064,0.004675069,6.662008,0.5162845,4.71768
