tree,lambda,alpha,beta,birthrate,treeheight,treelength
64,0.05695434,0.005105698,0.006672496,7.885128,0.3121409,4.076843
