tree,lambda,alpha,beta,birthrate,treeheight,treelength
4,0.7562214,0.001303761,0.007204518,5.959176,0.6952013,6.064696
