tree,lambda,alpha,beta,birthrate,treeheight,treelength
27,0.6345595,0.04173323,0.02205667,6.251041,0.5708086,5.863938
