tree,lambda,alpha,beta,birthrate,treeheight,treelength
100,0.09998932,0.007286984,0.00687524,7.546838,0.4670162,4.166535
