tree,lambda,alpha,beta,birthrate,treeheight,treelength
20,0.1618832,0.003999442,0.109701,6.095319,0.4465565,4.090787
