tree,lambda,alpha,beta,birthrate,treeheight,treelength
13,0.2127826,0.003691686,0.04222403,7.453065,0.3226749,3.404049
