tree,lambda,alpha,beta,birthrate,treeheight,treelength
24,6.647473,0.05321052,0.005628634,6.40056,0.51622,3.97267
