tree,lambda,alpha,beta,birthrate,treeheight,treelength
10,0.4187016,0.08107409,0.00992002,6.182463,0.4894247,5.028916
