tree,lambda,alpha,beta,birthrate,treeheight,treelength
97,1.056393,0.0005328387,0.01264358,6.452211,0.3275181,4.251246
