tree,lambda,alpha,beta,birthrate,treeheight,treelength
87,1.862413,0.0475345,0.01105594,4.984032,0.5687494,5.910094
