tree,lambda,alpha,beta,birthrate,treeheight,treelength
50,0.1139509,0.04303328,0.01927343,7.464524,0.2695329,3.063683
