tree,lambda,alpha,beta,birthrate,treeheight,treelength
74,1.062469,0.01078566,0.01941871,6.71519,0.4445447,5.086799
