tree,lambda,alpha,beta,birthrate,treeheight,treelength
65,0.2443113,0.01407172,0.01537742,8.049882,0.4728625,3.236351
