tree,lambda,alpha,beta,birthrate,treeheight,treelength
78,0.1478847,0.0113987,0.005691444,7.659154,0.4353536,3.943081
