tree,lambda,alpha,beta,birthrate,treeheight,treelength
56,0.6669124,0.01544505,0.01708824,6.407326,0.4534242,4.163054
