tree,lambda,alpha,beta,birthrate,treeheight,treelength
82,0.1097188,0.02292904,0.01747087,6.691105,0.4088357,4.623165
