tree,lambda,alpha,beta,birthrate,treeheight,treelength
51,0.5301935,0.0109545,0.0244609,8.349085,0.4269629,5.040429
