tree,lambda,alpha,beta,birthrate,treeheight,treelength
44,0.04391008,0.004003979,0.008419571,5.828344,0.7757841,5.903325
