tree,lambda,alpha,beta,birthrate,treeheight,treelength
88,0.9003285,0.008586283,0.006541044,5.559355,0.485023,5.685655
