tree,lambda,alpha,beta,birthrate,treeheight,treelength
18,2.202323,0.0005288245,0.05257099,8.054972,0.4028828,4.089306
