tree,lambda,alpha,beta,birthrate,treeheight,treelength
63,0.3338989,0.0007145627,0.01096317,7.608416,0.250615,3.11426
