tree,lambda,alpha,beta,birthrate,treeheight,treelength
95,0.240357,0.009842311,0.008621461,6.305655,0.722255,5.495752
